,start_frame,end_frame,start_time,end_time,text,text_EN
0,0.0,467.0,0.0,18.68,Kính chào quý vị Rất hân hạnh được gặp lại quý vị trong chương trình 60 giây của đ truyền hình thành phố Hồ Chí Minh chương trình Sáng nay thứ ba ngày 31 tháng 10 sẽ chuyển đến quý vị những nội dung đáng chú ý sau [âm đây các ,"Hello everyone. It's a pleasure to meet you again in the 60-second program of Ho Chi Minh City Television. The program This Morning, Tuesday, October 31, will bring you the following notable content [audio]. Here, "
1,467.0,531.0,18.68,21.24,nhạc] đây các tỉnh miền Trung chủ động với mưa ,"Music] Here, the Central provinces to "
2,531.0,594.0,21.24,23.76,Trung chủ động ứng phó với mưa lũ giảm thiểu thiệt và của ,provinces proactively respond to floods to and property 
3,594.0,646.0,23.76,25.84,giảm thiểu thiệt hại về người và của Tính B tre công khẩn ,to minimize human and property damage. Tinh B 
4,646.0,683.0,25.84,27.32,về người B tre công bố tình khẩn cấp sạc lỡ ,human Tinh B Tre announced emergency situation 
5,683.0,786.0,27.32,31.44,bố tình huống cấp sạc lỡ xâm thực bờ biển ở huyện Ba trip và giáo công trường đang dựng ở ham ,Tre announced an situation of coastal erosion in Ba Trip district and a construction in Ham 
6,786.0,816.0,31.44,32.64,huyện công trường đang xây dựng ở ham buốc của Đức ,"a construction school in Ham In Germany, at "
7,816.0,893.0,32.64,35.72,đang xây ham buốc của Đức ít nhất ba công nhân mạng thưa ,"school In Germany, at least three workers died. Ladies and "
8,893.0,1714.0,35.72,68.56,thiệt mạng thưa quý vị hai ngày qua các tỉnh miền Trung có mưa lớn có nơi trên 400 mm gây ngập lục ở các khu dân cư vùng trủng thấp mưa lũ cũng khiến giao thông bị ách tắc ở một số tiếng đường tại tỉnh Hà Tĩnh Hai phụ nữ và một trẻ em ở huyện Hương Khê đang đi trên đường ngập thì sảy chân vào bũng sâu bị nước cuốn mất tích khoảng 10 gi ngày 30 tháng 10 chị Tống Thị trang 33 tuổi và chịn th ho 31 tuổi trú xã Hà Linh huyện Hương Khê đi làm ở trại gà trên đường về nhà thì bị Nước Lũ cuốn mất tích ,"died. Ladies and gentlemen, over the past two days, the Central provinces have had heavy rain, some over 400 mm, causing flooding in low-lying residential areas. The flood also caused traffic jams in some areas. number of road noises in Ha Tinh province Two women and a child in Huong Khe district were walking on a flooded road when they stumbled into a deep pool and were swept away by the water and disappeared around 10:00 a.m. on October 30. Ms. Tong Thi Trang, 33 years old, and her sister, Th Ho, 31 years old, residing in Ha Linh commune, Huong Khe district, went to work at a chicken farm on the way home when he was swept away by flood waters and "
9,1714.0,1865.0,68.56,74.6,nhà thì bị cuốn mất tích đến cuối giờ chiều thi thể chị Trang được tìm thấy đến tối qua hàng chục người vẫn chị Hoa ,"he was swept away by and disappeared. By late afternoon, Ms. Trang's body was found. Last night, dozens of people were Ms. Hoa. in "
10,1865.0,2733.0,74.6,109.32,người vẫn đang tìm kiếm chị Hoa còn tại xã Hương Thủy lúc 15:30 cùng ngày em Nguyễn Văn Dũng 13 tuổi đi bộ trên đường ngập nước gần nửa mét thì bị sẩy chân và vũng nước sâu và bị nhấn chìm đến hơn 20:30 thi thể nạn nhân được tìm thấy tại huyện C Lộc chính quyền cũng kịp thời dùng xồng máy tiếp cận giả cứu chính công nhân đang thi công cao tốc bị nước lũ cô lập giữa Lãng trại gần sông già đoạn qua xã Sơn Lộc trước đó do mưa nhỏ nên những người này chủ quan sau đó nước dân nhanh không kịp rời đi trong đợt mưa lớn lần này ảnh hưởng nặng nhất là Hà Tĩnh gần 500 nhà hơn ,"were still looking for Ms. Hoa. in Huong Thuy commune at 3:30 p.m. on the same day, 13-year-old Nguyen Van Dung was walking on a flooded road of nearly half a meter when he lost his footing in a deep puddle and was submerged. At more than 8:30 p.m., the victim's body was found at Huong Thuy commune. C Loc district, the government also promptly used motorboats to rescue the workers who were constructing the highway, isolated by floodwaters between Lang Trai near the old river, passing through Son Loc commune. Previously, due to light rain, these people were subjective. After that, people were unable to leave in time during the heavy rain. This time, Ha Tinh was most affected, nearly 500 houses more "
11,2733.0,2840.0,109.32,113.6,nhất 500 nhà dân bị ngập cao hơn nửa mét đường Hồ Chí Minh quốc ngập từ 30 ,"most affected, houses were flooded more than half a meter high on Ho Chi Minh flooded from 30 "
12,2840.0,2872.0,113.6,114.88,Minh quốc lộ 15 từ 30 đến 70 ,"Ho Chi Minh Highway 15, from 30 to 70 "
13,2872.0,2927.0,114.88,117.08,lộ 15 đến 70 cm đường sắc Bắc gián đoạn V sạc ,"Highway 15, to 70 cm on the North-South Section V caused "
14,2927.0,3117.0,117.08,124.68,đường sắc Bắc Nam V sạc lở hơn 4500 học sinh phải nghỉ học Dự báo mưa ở Hà Tĩnh còn kéo dài tới ngày 11 trước ,"on the North-South road. caused landslides, more than 4,500 students had to miss school. The rain forecast in Ha Tinh will continue until November due to "
15,3117.0,3960.0,124.68,158.4,còn ngày 2 tháng 11 trước diễn biến phức tạp của tình hình mưa lũ ban chỉ đạo quốc gia về phòng chống thiên tài yêu cầu các tỉnh từ Nghệ An đến Quảng Ngãi theo dõi chặt chẽ dự báo thời tiết cảnh báo về mưa lớn ngập lục lũ quét sạc lỡ đất thông tin kịp thời đến các cấp chính quyền người dân biết để chủ động phòng tránh mưa lũ tại Hà tỉnh đã làm nhiều điểm bị sạc lỡ và đất đá tràn lên đường rây tiếng đường sắt Bắc Nam bị chỉ cắt và bắt buộc phải cấm chạy tàu qua vào rả sáng ngày 30 tháng 10 ngay sau khi sự cố xảy ra các đơn vị đã nhanh chóng giải tỏa hành khách tập trung mọi nguồn lực để khắc phục cố hai chuyến ,"will November 2 due to the complicated developments of the rain and flood situation. The National Steering Committee on Disaster Prevention requires provinces to Nghe An to Quang Ngai closely monitor weather forecasts to warn of heavy rains, flash floods, and timely information to authorities at all levels to proactively prevent rain and floods in Ha, the province has done many things. The charging point was missed and soil and rocks spilled onto the road, causing the North-South railway to be cut off and forced to stop trains from passing through in the early morning of October 30. Immediately after the incident, the units quickly cleared the passengers. Customers focused all resources to fix the problem of two "
16,3960.0,4004.0,158.4,160.16,sự hai chuyến tàu se1 từ ,"of two trains, SE1 "
17,4004.0,4064.0,160.16,162.56,se1 từ Hà Nội vào và se20 từ Đà Nẵng ,SE1 from Hanoi in and SE20 from Da 
18,4064.0,4120.0,162.56,164.8,vào và Đà Nẵng ra phải những hoạt với khoảng gần 400 ,"in and Da Nang, causing with nearly 400 "
19,4120.0,4212.0,164.8,168.48,những hoạt động khoảng gần 400 hành khách ông Trần Anh Tuấn phó tổng giám đốc tổng đường sắc Việt ,"causing operations nearly 400 passengers, Mr. Tran Anh Tuan, Deputy General Director Vietnam Sugar "
20,4212.0,4235.0,168.48,169.4,giám đốc tổng công ty đường sắc Việt Nam cho ,General Director of Vietnam Sugar Corporation. 
21,4235.0,4362.0,169.4,174.48,tổng công ty Việt Nam cho biết toàn bộ hành khách đã được chuyển tại bằng xe ô tô chuyển qua tàu để chi duyển lịch ,"Director of Sugar Corporation. said that all passengers were transferred by car to the train for further transportation schedule, "
22,4362.0,4488.0,174.48,179.52,ô tô để chi duyển tiếp theo lịch trình mà đồng thời tổng công ty cũng đã chỉ đạo các đơn vị chăm đủ về lướng thực ,"car for further transportation according to schedule, and at the same time the corporation also directed the units to take full of their "
23,4488.0,4526.0,179.52,181.04,đơn vị chăm sóc đầy đủ về lướng thực thực phẩm dự chúng tôi ,to take full care of their expected food I 
24,4526.0,4682.0,181.04,187.28,sóc đầy thực thực phẩm dự kiến của chúng tôi là trong đêm nay thì sẽ thông Tiến ch từ tàu này Hôm qua hai tuyến là Hà Nội đi Sài Gòn và Nội ngày ,care expected food supply. I mean tonight we will be able to connect from this train. Yesterday the two routes were Hanoi to Saigon Hanoi. 
25,4682.0,5183.0,187.28,207.32,"là Sài Gòn và Sài Gòn đi Hà Nội ngày 30 tháng 10 chính quyền tệ Bến Tre đã công bố tình huống khẩn cấp sạc lỡ xâm thực bờ biển ở huyện Ba Tri khẩn trương triển khai các biện pháp ứng phó khu vực bị sạc lỡ xâm thực nghiêm trọng thuộc địa bàn xã Bảo Thuận chiều dài khoảng 4,7 km làm ảnh hưởng trực tiếp đến 115 hộ dân làm hư hại 15 căn nhà Sạc lỡ cũng làm hư ","were Saigon and Saigon to Hanoi. On October 30, the Ben Tre government announced an emergency situation due to coastal erosion. The sea in Ba Tri district urgently deployed measures to respond to the severely eroded area in Bao Thuan commune, about 4.7 km long, directly affecting 115 households and damaging 15 houses. The accident also completely "
26,5183.0,5308.0,207.32,212.32,căn nhà Sạc cũng làm hư hỏng hoàn toàn 100 m đường bê tông 650 m Bờ bao diện tích bị ảnh hưởng ,"houses. The also completely damaged 100 m of concrete road and 650 m of embankment, the affected land about "
27,5308.0,5433.0,212.32,217.32,bao diện tích đất ảnh hưởng khoảng 535 ha rên đất rừng phòng hộ ven biển mất 16 ha các cơ quan chức năng đang ,"the affected land area was 535 hectares, the coastal protection forest land lost 16 hectares. The authorities "
28,5433.0,5558.0,217.32,222.32,các cơ quan chức năng đang triển khai các biện pháp khẩn cấp để ứng phó và khắc phục hậu quả sơ tán khẩn cấp người ,16 hectares. The authorities are implementing emergency measures. To respond and overcome the consequences of emergency evacuation of people 
29,5558.0,5749.0,222.32,229.96,hậu quả khẩn cấp người và tài sản ra khỏi khu vực sạc lỡ nguy ,"consequences of of people and property out of dangerous areas, "
30,5749.0,6430.0,229.96,257.2,hiểm thưa quý vị hàng năm khi nước lũ tràn về người dân đồng bằng sông Cửu Long lại nhộn nhịp thu hoạch sản vật mùa nước nổi đây cũng là thời điểm các địa phương trong huyện Phụng Hiệp Tỉnh Hậu Giang tổ chức hội thi đẩy côn bắt cá mùa nước nổi qua đó duy trì và bảo tồn ngành nghề đánh bắt cũng như tuyên truyền nâng cao ý thức cho người dân trong việc khai thác nguồn Lệ Thủy sản đúng quy định gần 20 năm làm nghề đẩy năm ,"ladies and gentlemen, every year when floodwaters flood, people in the Mekong Delta are busy harvesting seasonal products. This is also the time when localities in Phung Hiep district, Hau Giang province organize a fish-pushing contest in the flood season, thereby maintaining and preserving the fishing industry as well as propagandizing and raising awareness for people in the flood season. Exploiting the Le Fishery source in accordance with regulations. After nearly 20 years of working as a stick this "
31,6430.0,6520.0,257.2,260.8,nghề đẩy côn bắt cá năm nay ông Huỳnh Chí Khải được đại diện tham ,"with as a stick pusher to catch fish, this year Mr. Huynh Chi Khai was chosen representative to participate "
32,6520.0,6544.0,260.8,261.76,Khải được chọn làm đại diện tham gia Tranh ,Khai was chosen as a representative to participate in 
33,6544.0,6844.0,261.76,273.76,chọn làm tham gia Tranh Tài tới cái mùa nước nổi á là ai cũng vẫn ra ruộng kiếm cá hết á Thấy nó hấp dẫn lắm côn là dụng cụ được làm bằng những cọng sắc nhỏ MN và hai đoạn tre dài trước mũi ghe người đẩy côn ,chosen as a participate in the Competition until the flood season. Everyone still goes to the fields to look for fish. I find it very attractive. The cone is a tool made of small sharp stems and two long pieces of bamboo in front of the boat. When person pushes the 
34,6844.0,6899.0,273.76,275.96,trước mũi ghe khi đẩy côn cho ghe lau về Thanh côn sắt ,"front of the boat. When the pushes the cone, the boat moves iron cone "
35,6899.0,7125.0,275.96,285.0,ghe lau về phía trước Thanh côn sắt chạm cá cá chuối tạo thành một vùng bông bóng nước lúc đó chỉ việc lội xuống dùng nơm bắt cá hôn kéo côn rồi đó nó cũng ,"the boat moves forward. The iron cone touches the banana fish, creating a bubble area when That's just wading down, using a trap to catch fish, pulling the cone, and then it "
36,7125.0,7154.0,285.0,286.16,hôn kéo côn đó nó cũng có ý với kết ,"pulling the cone, then it also means and working "
37,7154.0,7222.0,286.16,288.88,côn cũng có ý nghĩa chỗ ấp cùng với kết hợp với ban xã và khai cái ,"cone, also means that the hatchery and working with the commune and implement "
38,7222.0,7261.0,288.88,290.44,cùng ban xã và Mỹ để khai cái mô hình này ,"hatchery commune and the US implement this model, "
39,7261.0,7362.0,290.44,294.48,Mỹ để triển mô hình này kéo côn này nó mới gọi là cá lớn thì cái ngồn cá nhỏ được bảo đảm ,"the US to this model, pull the cone, it's called the big fish, then the fish source. If it is guaranteed "
40,7362.0,7532.0,294.48,301.28,cái ngồn cá nhỏ thì nó được bảo đảm năm nay thì hyện muốn là nâng lên cái quy mô cấp hyện đó là tất cả 15 xã thị trấn trên địa tham gia ,"fish source. If it is small, it is guaranteed that this year, we want to raise it to a district-level scale, that is, all 15 communes and towns in participate in "
41,7532.0,7612.0,301.28,304.48,trấn trên địa bàn đều có tham gia là quảng bá về hình ảnh người phụ Hiệp ,towns in the area will participate in promoting the image of the people of Hiep 
42,7612.0,7682.0,304.48,307.28,về hình ảnh đất và người phụ Hiệp thời gian tới huyện Phụng Hiệp sẽ phát triển ,of the land and people of Hiep in the coming time to Phung district. Hiep will develop 
43,7682.0,7783.0,307.28,311.32,tới huyện Phụng Hiệp sẽ phát triển mô hình thành một hình thức du lịch trải nghiệm cho du khách tham quan ,time to Phung district. Hiep will develop the model into a form of experiential tourism for tourists 
44,7783.0,7969.0,311.32,318.76,nghiệm cho du tham quan khám phá hình thức đánh bắt truyền thống mùa đức [âm ,tourism for to explore traditional fishing in this floating season. 
45,7969.0,8282.0,318.76,331.28,nổi nhạc] này những tập tiếp theo của bộ phim Dâu Bể mùa xưa đã đi vào giai đoạn cao trào ở tập 11 chuyện tình tây ba giữa hai anh em Hiếu và nghĩa có bước mới bông Hiếu dầ mở ,The next episodes of the movie Dau Be in the past season have entered the stage. The climax in episode 11 of the western love story between the two brothers Hieu and Nghia takes a new step Hieu gradually opens up 
46,8282.0,8325.0,331.28,333.0,bước mới bông và Hiếu dầ mở lòng cho nhau triển tình ,two a new step and Hieu gradually opens up to each other and gives each develop their 
47,8325.0,8387.0,333.0,335.48,và lòng cho nhau cơ hội phát triển tình cảm riêng nghĩa vẫn Tưng tư ,"and each other and gives each other the opportunity to develop their personal feelings, still "
48,8387.0,8453.0,335.48,338.12,phát nghĩa vẫn ôm mối Tưng tư trong lòng khiến bậc ông Bá đau ,"to feelings, still holding their heartbroken, "
49,8453.0,8495.0,338.12,339.8,khiến bậc làm cha như ông Bá đau lòng một vụ ,"heartbroken, a "
50,8495.0,8652.0,339.8,346.08,làm cha như lòng một vụ hành hung bất ngờ diễn ra ở tiệm đèn kéo quân của Nghĩa ông Bá và nghĩa Lo lắng cờ cứu trong đó bệnh ,"sudden assault took place at Nghia's lantern shop, Mr. Ba and Nghia were worried about the while "
51,8652.0,8770.0,346.08,350.8,Nghĩa lắng cờ cứu trong khi đó bệnh tình của Hiếu có những chuyển biến xấu bà bá tiếp tục bên khinh với ,"worried about the rescue while Hieu's condition took a turn for the worse, the grandmother continued to despise "
52,8770.0,8887.0,350.8,355.48,tục bên trọng bên với hai anh em Hiếu Nghĩa mời quý vị đón hấp ,grandmother continued to respect and the two Hieu brothers. Nghia invites you interesting 
53,8887.0,9069.0,355.48,362.76,Hiếu vị đón xem những tình tiết hấp dẫn trong tập 11 phim Dâu Bể mùa xưa phát sóng lúc 930 hôm nay 31 tháng ,"you to watch the interesting details in episode 11 of the old season of Strawberry, broadcast at 930 today, October "
54,9069.0,9231.0,362.76,369.24,31 tháng 10 kênh [âm HTV7 trong phần An ninh ,October 31 HTV7 [music] in the Security and 
55,9231.0,9300.0,369.24,372.0,An ninh trật tự lên cơ tâ thần nam thanh ,and Order section on the mental health of a young 
56,9300.0,9353.0,372.0,374.12,lên cơ thần nam thanh niên dùng rựa ba người trong ,"on the health of a young man using a machete. Pursuing the three family members, "
57,9353.0,9412.0,374.12,376.48,dùng rựa truy sát người trong gia đình ,"a machete. Pursuing the murder of family members, the "
58,9412.0,9467.0,376.48,378.68,đình lực lượng chức năng ,authorities confiscated 
59,9467.0,9499.0,378.68,379.96,chức năng thu giữ gần tấn thực ,nearly tons of 
60,9499.0,9670.0,379.96,386.8,"thu giữ gần 1,5 tấn thực phẩm đông lạnh hết hàng sử dụng bốc mùi ôi thêu chương ",1.5 tons of frozen food that was out of stock and smelled rancid. The 
61,9670.0,10282.0,386.8,411.28,thêu chương trình tiếp tục với các thông tin an ninh tr tự trong lúc lên cơn tâm thần nam thanh niên ở tỉnh Bình Định dùng rựa truy sát ba người trong gia đình khiến cha và anh ruột tử vong còn mẹ bị thương rất nặng chiều 30 tháng 10 công an tỉnh Bình Định cho biết đang tạm giữ hình sự Đối tượng Hồ Thanh Cường 34 tuổi để điều tra về hành vi giết người khoảng 9:30 sáng ngày 30 tháng 10 cường bất ngờ dùng ,"The program continued with security information during a mental attack. A young man in Binh Dinh province used a machete to hunt down three family members, killing his father and older brother and seriously injuring his mother on the afternoon of October 30. Binh Dinh province police said they were holding Ho Thanh Cuong, 34 years old, in criminal custody. to investigate murder around 9:30 a.m. on October 30, Cuong suddenly used a knife "
62,10282.0,10405.0,411.28,416.2,tháng 10 bất ngờ dùng dao chém vào cha mẹ ruột V anh ruột Hậu quả người cha tử vong tại chỗ anh trai cứu ,"30, suddenly used a knife to slash his biological parents and brother. As a result, the father died on the spot and his brother emergency "
63,10405.0,10529.0,416.2,421.16,cha tử chỗ anh trai được đưa đi cấp cứu tại trung tâm y tế thị xã An nhơ nhưng Tứ dong trên đường đi còn người bị thương ,the father the spot and his brother was taken to the emergency room at the medical center. An Nho town but Tu Dong on the way and the seriously injured 
64,10529.0,10654.0,421.16,426.16,nhơ đường đi còn người mẹ bị thương rất nặng hiện đang được cấp cứu tại bệnh viện đa khoa tỉnh Bình Định theo lãnh đạo Ủy ban nhân ,"town the way and the mother was seriously injured and is currently being treated at Binh Dinh General Hospital, according to the leader of the "
65,10654.0,10804.0,426.16,432.16,tỉnh Bình Định đạo Ủy ban nhân dân thị xã An Nhân Cường là người bị tâm thần phân liệt đang điều trị bở tâm trú công ,"General Hospital, the leader of the People's Committee of An Nhan Cuong town, she is suffering from schizophrenia. Outpatient mental Tay "
66,10804.0,11055.0,432.16,442.2,phân bở tâm thần ngoại trú công an thành phố Tây Ninh cho biết đang tạm giữ hình sự ba đối tượng để điều tra về hành vi trộm cấp tài sản và tiêu thụ tài sản do người khác phạm tội có đó ,"from health treatment Tay Ninh city police said they are criminally detaining three subjects to investigate the theft of property and consumption of property committed by others, including "
67,11055.0,11119.0,442.2,444.76,tội có đó là hỳ Thanh son ,including Hi Thanh Son. 
68,11119.0,11158.0,444.76,446.32,Thanh son sinh năm Nguyễn ,Son. born in Nguyen Trung 
69,11158.0,11204.0,446.32,448.16,sinh năm 1993 và Nguyễn Trung Hậu sinh xã ,in 1993 and Nguyen Trung Hau born in commune 
70,11204.0,11262.0,448.16,450.48,và Hậu sinh năm 2001 cùng xã chà là và độ ,and born in 2001 living in date commune and The 
71,11262.0,11309.0,450.48,452.36,2001 cùng ngụ và độ Thế Kiệt sinh năm ngụ xã ,in date palm The Kiet born in living in Cau 
72,11309.0,11360.0,452.36,454.4,Kiệt sinh năm 1984 ngụ xã cầu khởi huyện Dương hôm 29 tháng ,"born in 1984 living in Cau Khoi commune, Duong on October "
73,11360.0,11420.0,454.4,456.8,khởi huyện Dương Minh Châu hôm 29 tháng 10 Công an nhận tin người dân ,"commune, Duong Minh Chau district on October 29. Police received people about "
74,11420.0,11484.0,456.8,459.36,Châu an nhận tin báo của người dân về việc vườn Mai bị trộm CT khóa ,district Police received reports from people about the Plum Garden being stolen by The CT locked 
75,11484.0,11554.0,459.36,462.16,vườn Mai bị bốn tin trộm CT khóa cổng rào đột nhập lấy một cây mai vàng ,Garden being stolen by four people. The CT locked the fence gate and broke in a large yellow 
76,11554.0,11617.0,462.16,464.68,đột nhập lấy trộm cây mai vàng lớn có giá trị 150 triệu đồng lực ,and broke in to steal large yellow apricot tree worth 150 million VND. The 
77,11617.0,11681.0,464.68,467.24,giá trị 150 triệu đồng lực lượng công an phố hợp truy bắt được son và ,worth 150 million VND. The police team cooperated to arrest Son and 
78,11681.0,11739.0,467.24,469.56,phố hợp được son và hậu các đối tượng khai nhận son và hậu khác ,cooperated to Son and Hau. The subjects confessed that Son and other 
79,11739.0,11800.0,469.56,472.0,đối tượng son và hậu cùng hai đối tượng khác đục nhập nhà anh ,subjects Son and Hau and two other subjects broke into his house to 14 
80,11800.0,11856.0,472.0,474.24,đối tượng nhà anh s trộm mai bán được 14 triệu đồng rồi xài ,"and two into his house to steal. Tomorrow, I will sell 14 million VND and then divide spend. "
81,11856.0,11905.0,474.24,476.2,mai bán triệu đồng rồi chia nhau tiêu xài Công an thành phố rõ ,I will sell VND and then divide it up to spend. Tay Ninh clarifying 
82,11905.0,12004.0,476.2,480.16,nhau tiêu an thành phố Tây Ninh Đang làm rõ vụ việc và trùy bắt các đối tượng còn ,up to Tay Ninh city police are clarifying the case and arresting the remaining suspects. On 
83,12004.0,12268.0,480.16,490.72,các đối tượng còn ngày 30 tháng 10 công an tỉnh Quảng Nam cho biết vừa phát hiện và bắt quả tang một ô tô khách 16 chỗ vận chuyển gần 5000 lậu lúc ,"remaining suspects. On October 30, Quang Nam province police said they had just discovered and caught a car red-handed. A 16-seat passenger car transported nearly 5,000 firecrackers "
84,12268.0,12387.0,490.72,495.48,gần Viên pháo lậu lúc 23 gi ngày 29 tháng 10 tại thị trấn Thành Mỹ huyện ,"nearly illegal firecrackers at 11 p.m. on October 29 in Thanh My town, Nam "
85,12387.0,12770.0,495.48,510.8,tại thị Mỹ huyện Nam Giang lực lượng chức năng cho dừng xe ô tô khách 16 chỗ đang lưu thông theo hướng contum đi Đà Nẵng qua kiểm tra phát hiện trên xe chở ba thùng xố bên trong có 96 hộp pháo tổng cộng 4704 viên tại thời điểm kiểm tra tài xế không xuất trình được ngn ,"29 in My town, Nam Giang district. The authorities stopped a 16-seat passenger car traveling in the direction of Contum to Da Nang for inspection. It was discovered that the vehicle carrying three boxes of firecrackers contained 96 boxes of fireworks with a total of 4,704 rounds. At the time of inspection, the driver could not present "
86,12770.0,12837.0,510.8,513.48,tài xế xuất trình được giấy tờ chứng minh ngn gốc số pháo trên lực lượng đã lập ,the driver could present documents proving the origin of the fireworks. made a 
87,12837.0,12905.0,513.48,516.2,minh pháo trên lực lượng chức năng đã lập biên bản bà giao vụ việc cho an huyện Nam Giang để ,the the fireworks. The authorities made a record and assigned the case. to Nam Giang district police 
88,12905.0,12970.0,516.2,518.8,giao vụ việc cho công an huyện Nam Giang để tiếp tục điều tra lý ,the case. to the Nam Giang district police to continue investigating and handling 
89,12970.0,13195.0,518.8,527.8,"điều tra lý gần 1,5 tấn thực phẩm đông lạnh hết hạng sử dụng bốc mũi ô thu vừa bị lực lượng chức năng tỉnh Bắc Cạn phát hiện và giữ ngày ","investigating and handling nearly 1.5 tons of expired frozen food used for steaming, which was discovered and detained by the authorities of Bac Kan province on October "
90,13195.0,13245.0,527.8,529.8,hiện thù giữ ngày 30 tháng 10 hàng ,on October 30 for 
91,13245.0,13312.0,529.8,532.48,tháng 10 kiểm tra một kho hàng đông lạnh trên phường sông lượng ,for inspection. At a frozen warehouse in Song Cau authorities 
92,13312.0,13366.0,532.48,534.64,kho trên phường sông Cầu lực lượng chức năng phát hiện đã hết ,"a Song Cau ward, the authorities discovered many products whose expired "
93,13366.0,13418.0,534.64,536.72,lực năng phát hiện nhiều sản phẩm đã hết thời hạn sử dụng bút ,many products whose expiry date had expired and 
94,13418.0,13558.0,536.72,542.32,"sản phẩm hạn sử dụng biến màu Ôi thêu bút mùi hôi có trọng lượng gần 1,5 tấ đó là các loại cá thịt ba sườn ","date had were discolored, weighing nearly 1.5 tons, which were all kinds of fish with pork pig's "
95,13558.0,13608.0,542.32,544.32,đó cá thịt ba chỉ rút xương sườn heo chân giò heo ,"of fish with pork belly and ribs removed. pig's feet, pig's "
96,13608.0,13665.0,544.32,546.6,rút xương chân giò heo gà nguyên con trâu chân gà nêm ,"and ribs removed. pig's feet, whole buffalo meat, chicken feet, sour "
97,13665.0,13947.0,546.6,557.88,nguyên con thịt gà nêm chua xúc xích đông lạnh tại thời điểm kiểm tra chủ kho hàng đông lạnh là ông Phạm Đức của sinh năm 1981 không xuất trình được các giấy tờ chứng minh nguồn gốc xuất xứ của các sản phẩm tổ công tác đã lập ,"whole chickens, chicken feet, sour seasoning, frozen sausages, frozen sausages. At the time of inspection, the owner of the frozen warehouse , Mr. Pham Duc, born in 1981, could not present documents proving the origin of the products. The working group's products have "
98,13947.0,14013.0,557.88,560.52,của các sản phẩm công tác đã lập biên bản và Đang phối hợp xác minh để xử lý ,the products. The group's products have been recorded and are coordinating verification to handle according 
99,14013.0,14127.0,560.52,565.08,và Đang phối minh để xử lý theo quy định của luật phần tin ,and are to handle according to the provisions of law. Attractive world 
100,14127.0,14182.0,565.08,567.28,tin thế giới vô ,world news. The V 
101,14182.0,14223.0,567.28,568.92,giới hấp dẫn vô địch thế giới ,The Chinese version V TH THI world 
102,14223.0,14273.0,568.92,570.92,dẫn Cuộc thi thế giới V th ,version of the THI world championship competition 
103,14273.0,14568.0,570.92,582.72,thi th sĩ phiên bản Trung Quốc của vợ ba lê thang nha thờ Đức Bà kết hợp nét đẹp của ba Lê Phương Đông thưa ,"the competition of ballet wife Thang Nha Nhon Notre Dame combines the beauty of Oriental Ballet, ladies "
104,14568.0,14974.0,582.72,598.96,Đông thưa quý vị ngày 30 tháng 10 một vụ sập vàng giáo đã xảy ra tại một công trường xây dựng ở thành phố ham buốc miền Bắc nước Đức làm ít nhất ba công nhân thiệt mạng và nhiều người khác bị chôn vùi với đống đổ nát theo Lực lượng cứu hỏa địa phương thời điểm ,"ladies and gentlemen. On October 30, a gold collapse occurred at a construction site in the northern German city of Hamburg, killing at least three workers and Many other people were buried with rubble according to the local Fire Department and the time "
105,14974.0,15581.0,598.96,623.24,hỏa địa phương và thời điểm xảy ra vụ tai nạn có khoảng 1300 đến 1500 công nhân đang làm việc tại công trường dàng giáo cao hơn mặt đất khoảng 8 tầng trước khi đổ sập công trường xây dựng đã được sơ tán sau vụ tai nạn Lực lượng cứu hỏa cho biết nỗ lực cứu hộ gặp nhiều khó khăn nhà chức trách ban đầu cho biết có năm người thiệt mạng nhưng sau đó họ báo cáo lại là ba người vụ tai nạn xảy ra tại khu dân cư ở quận haen ,"Fire Department and at the time of the accident there were about 1,300 to 1,500 workers working at the scaffolding site about 8 stories above the ground before it collapsed. collapsed construction site was evacuated after the accident Firefighters said rescue efforts were difficult Authorities initially said five people died but they later reported three people in the incident The accident occurred in a residential area in the Haen port "
106,15581.0,15646.0,623.24,625.84,tại khu ở quận haen City thuộc thành phố cảng hambur trên sông anh bơ ,"in a in the Haen City district of the port city of Hambur on the Anh Bo River, "
107,15646.0,15792.0,625.84,631.68,thành phố sông anh bơ nơi đang được tái phát triển với nhiều tòa nhà chung cư Văn Phòng khách sạn hàng thưa ,"of the on the Anh Bo River, which is being redeveloped with many apartment buildings, offices, shops. Ladies "
108,15792.0,16467.0,631.68,658.68,khách sạn và cửa hàng thưa quý vị cuộc xung đột giữa lực lượng hamas tầ kiểm soát giả gaza và Israel đã có dững diện biến leo than khi quân đội Israel Mở rồng chiến dịch trên bộ Tại gaza trước đó hôm 7 tháng 10 hamas đã bất ngờ Đột Kích tấn công vào các thành phố thị trấn của Israel giết chết nhiều người và bắt giữ các con tin có hai con trai bị hamas bắt cóc một bà mẹ Israel Mới đây đã làm một đoạn phim hoạt hình để kể về câu chuyện đau buồn mình Đây ,"hotels and shops. Ladies and gentlemen, the conflict between Hamas forces. Fake control of Gaza and Israel faced an escalating crisis when the Israeli army launched a ground campaign in Gaza. Previously, on October 7, Hamas launched a surprise attack on Israeli cities and towns, killing many people. many people and held hostages whose two sons were kidnapped by hamas, an Israeli mother. Recently made an animation to tell her sad story. This is "
109,16467.0,16798.0,658.68,671.92,mình Đây là câu chuyện về Yin 12 tuổi và O 16 tuổi bị bắt cóc tại khu vực ni miền Nam Israel khi chúng ở nhà một mình mẹ của hai đứa trẻ là người kể chuyện trong đoạn phim hoạt hình đạo diễn Ji goodman đã ,"This is the story of Yin, 12 years old, and O, 16 years old. kidnapped in the southern region of Israel when they were home alone. The mother of the two children is the narrator of the animated film. Animation Ji Goodman "
110,16798.0,16886.0,671.92,675.44,đạo diễn hoạt hình Ji goodman đã thực hiện đoạn phim Ông là người nổi tiếng tại ,Animation director Ji Goodman made the film. He is famous in Israel 
111,16886.0,17189.0,675.44,687.56,phim Ông là nổi tiếng tại israen với bộ phim mang tên was with B kể về chiến tranh libang năm 1982 goodman đã trò chuyện với renan g để lắng nghe câu chuyện của cô sau đó phim ,He is in Israel for the film movie called was with B about the libang war in 1982 goodman talked to renan g to listen to her story then 
112,17189.0,17595.0,687.56,703.8,chuyện của đó thực hiện đoạn phim đã liên tục gặp ác mộng khi thức dậy tôi tự nhủ với chính mình rằng phải đưa cơn ác mộng này ra khỏi đầu trẻ em không phải là con bài mặc cả trẻ em ở bất kỳ nơi nào trên thế giới lẽ ra không nên bị liên lụy Du tại gaza Israel hay Ukraina phim ,her story made the movie I kept having nightmares when I woke up I told myself I had to getting this nightmare out of children's heads is not a bargaining chip children anywhere in the world should not be implicated travel in gaza israel or ukraine the 
113,17595.0,17688.0,703.8,707.52,hay Ukraina phim kết thúc có hậu gồm đoàn với những người ,"or ukraine the movie has a happy ending including a with children, "
114,17688.0,17811.0,707.52,712.44,gồm đoàn tụ với những người con và đây cũng chính là điều mà bà đang hy vọng hai con tinh tuổi người Israel ,"ending including a reunion with children, and this is exactly what she was hoping for. elderly Israeli "
115,17811.0,18003.0,712.44,720.12,hai con tinh lớn tuổi người Israel được hamas thả tự do nói với bà gom rằng họ đã nghe thấy tiếng trẻ con khi bị bắt giữ này khiến tin ,for. Two elderly Israeli elves released by Hamas told her that they had heard children's voices when they were captured This led to 
116,18003.0,18077.0,720.12,723.08,bắt giữ ở gaza Điều khiến tin rằng con của sống các ,"were captured in Gaza. led to the belief that alive, "
117,18077.0,18427.0,723.08,737.08,của mình vẫn còn sống các sông băng ở Nepal đang tan chảy với tốc độ kỷ lục và tình hình thảm khóc ngày càng gia tăng đây là phát biểu được Tổng thư ký Liên Hiệp Quốc Antonio gutz đưa ra vào hôm 29 tháng 10 trong khu khổ chuyến thăm Nepal phát ,"that children is still alive, the glaciers in Nepal are melting at a record rate and the tragic situation is increasing. This is a statement given by Secretary General of the United Nations Antonio Gutz on October 29 in the framework Official visit Nepal, speaking "
118,18427.0,18642.0,737.08,745.68,khổ chính thức Nepal phát biểu chi báo giới tại K mando tổng thự ký l nệp Quốc Cho biết sẽ đến thăm giải Himalaya để tận mắt chứng kiến tác động khung ,"visit to Nepal, speaking to the press at K Mando, the Secretary General said he would visit the Himalayas to witness with his own eyes the immediate impact "
119,18642.0,18707.0,745.68,748.28,mắt chứng kiến tác động khung kếp của biến đội khí đối với các sông ,own eyes the immediate impact of climate on the rivers. 
120,18707.0,18928.0,748.28,757.12,biến đội khí hậu các sông bă tình hình rất nghiêm trọng và ngày càng gia tăng đ ba đã bất gần 1/3 diện tích chỉ Sau hơn 30 năm và sông băng đang tă chảy với tốc tác động ,"change rivers. The situation is very serious. and is increasing day by day, nearly a third of its area has been lost in just over 30 years and the glaciers are melting at a impact "
121,18928.0,18994.0,757.12,759.76,năm và tă chảy với tốc độ kỹ Lục tác động với cộng đồng là thảm khốc tôi sẽ gặp ,years and the at a rapid rate. The impact on communities is catastrophic I will 
122,18994.0,19136.0,759.76,765.44,Lục đồng là thảm khốc và tôi sẽ gặp cư dân địa phương trên giải Himalaya để trực tiếp lắng nghe việc họ bị ảnh hưởng như ,The is catastrophic and I will meet local residents in the Himalayas to hear firsthand how they are affected. 
123,19136.0,19356.0,765.44,774.24,việc họ hưởng như thế nào Theo các nhà khoa học các sông bă ở giải Himalaya C cung cấp nước quan trọng cho gần 2 tỷ người trên thế giới đang tà chải hơn bao giờ hết gié ,"how they affected. According to scientists, the Himalayan rivers that provide vital water for nearly 2 billion people around the world are falling faster ever before. up "
124,19356.0,19471.0,774.24,778.84,đang tà chải nhanh giờ hết gié có thể mất tới 75 ph thể tích vào cuối thế kỷ do hiện tượng ấm lên ,are falling faster than before. up to 75 ph by the end of the century due to global 
125,19471.0,19562.0,778.84,782.48,kỷ do hiện tượng ấm lên toàn cầ điều này sẽ đ dọa đến đời sống đồng với ,"due to global warming, which will threaten Communities "
126,19562.0,19587.0,782.48,783.48,đến đời sống Các cộng đồng với những thảm ,threaten lives. Communities with unpredictable 
127,19587.0,19631.0,783.48,785.24,sống Các cộng những thảm quả khó nguy cơ ,lives. with unpredictable consequences risk 
128,19631.0,19682.0,785.24,787.28,quả khó lượng và cơ gây thiệt trọng ,consequences and the of 
129,19682.0,20109.0,787.28,804.36,và thiệt hại nghiêm trọng tại Kenya tổ chức phi chính phủ food for education đang cung cấp khoảng 165.000 bữ ăn với giá thấp cho học sinh mỗi ngày Đây là một phần của dự án lớn nhằm cung cấp bữa ăn cho khoảng 4 triệu học sinh tiểu học cùng hàng triệu học sinh các cấp khác ở quốc này Đây ,"the serious damage in Kenya NGO food for education is providing about 165,000 low-priced meals to students every day. This is part of a large project to provide meals to about 4 million primary school students and millions of students at other levels in "
130,20109.0,20211.0,804.36,808.44,học ở quốc gia châu phi này Đây là chương trình mang tới bữa ăn giá thấp cho học sinh ,of levels in the African country. This is the largest low-cost school 
131,20211.0,20308.0,808.44,812.32,bữa ăn thấp cho học sinh lớn nhất từ trước tới nay ở Kenya chính quyền các địa phương cũng hỗ trợ ,low-cost school meal program ever in Kenya. Local governments have also subsidized part 
132,20308.0,20588.0,812.32,823.52,quyền các địa cũng hỗ trợ một phần chi phí cho các bữa ăn kể từ khi hoạt động Chúng tôi đã cung cấp hơn 29 triệu bữa ăn học đường Tuy theo mức trợ cấp của địa phương phụ huynh sẽ trả từ 50 chi phí ,"governments have subsidized part of the cost of meals since its launch. We have provided more than 29 million school meals. Although according to the local subsidy, parents will pay from 50 to 83 cost "
133,20588.0,20651.0,823.52,826.04,từ 50 đến 83 ph chi phí bữa ăn mỗi bữa shilling ,to 83 minutes for the cost of meals. Each 
134,20651.0,20698.0,826.04,827.92,ph mỗi bữa ăn có giá shilling Kenya tức khoảng ,"the Each meal costs Kenyan shillings, about "
135,20698.0,20742.0,827.92,829.68,"ăn có giá 30 tức khoảng 0,2 đô Tuy nhiên ","costs 30 shillings, about 0.2 US However, "
136,20742.0,20830.0,829.68,833.2,"30 0,2 đô la Mỹ Tuy nhiên tình trạng làm phát nghèo đói kéo dài khiến nhiều gia lo ","0.2 US dollars. However, the situation increases poverty. This prolonged period made many take "
137,20830.0,20877.0,833.2,835.08,nghèo đói khiến nhiều gia đình không thể lo nổi việc ăn uống ,This made many families unable to take care of 
138,20877.0,21051.0,835.08,842.04,đình không thể việc ăn uống cho con cái trước đây chúng em mang đồ ăn từ nhà theo và khi đến giờ ăn thì thức ăn Đã ngội lạnh nhiều bạn còn không đến trung ,"unable to of their children's meals. Previously, we brought food from home and when it was time to eat, the food was cold. Many students did not go to class studying "
139,21051.0,21131.0,842.04,845.24,ngội lạnh còn không đến lớp và không tập trung học do bị đói giờ thì chúng có bữa ăn ,was cold. not go to class and did not concentrate on studying due to illness. Now have a 
140,21131.0,21213.0,845.24,848.52,giờ thì chúng em đã có bữa ăn nóng và thơm ngon Nó cũng chúng em học tốt ,on illness. Now we have a hot and delicious meal. It also us study better 
141,21213.0,21463.0,848.52,858.52,ngon Nó cũng giúp học tốt hơn nhờ những kết quả tích cực dự án đã được phụ huynh học sinh lẫn các trường học ở Kenya đón nhận và kỳ vọng sẽ tiếp tục mở rộng trong thời tới cuối ,It also helps study better thanks to the positive results. The project has been well received by parents and schools in Kenya and is expected to continue to open. Over the 
142,21463.0,21841.0,858.52,873.64,gian tới cuối tuần qua giả vô địch thế giới ph ma cckl đầu tiên đã diễn ra tại thụ sĩ với chiến thắng gần như tuyệt đối của chủ nhà 10ù phô mai tan chảy nồng nàng bao trùm một gốc nhỏ s phu Mai r ra đời vài ,"coming weekend, the first CCKL Ph Ma World Championship took place in Thu Thuy with an almost absolute victory of the host 10ù melted cheese covering a small tree s phu Mai r was born "
143,21841.0,21944.0,873.64,877.76,tr ra đời vài thế kỷ trước khi những người chăn Cừ hăm nóng phu bếp lửa rồi cạo ,tr was born several centuries ago when shepherds heated Phu the fire and then 
144,21944.0,22015.0,877.76,880.6,hăm nóng phu Mai gần bếp lửa rồi cạo phần tan chảy đi An đây là một ,Phu Mai near the fire and then scraped the melted part away An this is 
145,22015.0,22160.0,880.6,886.4,đi An đây là một trong các biểu tượng của đất nước Thụy Sĩ hôm 29 tháng 10 các nhà sản chuyên gia ,part away An this is one of the symbols of Switzerland on October expert manufacturers 
146,22160.0,22210.0,886.4,888.4,nhà sản xuất chuyên gia và chủ nhà hàng mặt tại Ban ,29th expert manufacturers and owners in Ban Val 
147,22210.0,22302.0,888.4,892.08,chủ nhà hàng đã cùng có mặt tại Ban val để tìm ra đ RL ngon nhất giới ,and owners Restaurants came together in Ban Val to find the world's best Rs. We 
148,22302.0,22409.0,892.08,896.36,ngon nhất thế giới Chúng tôi có 90 bánh hô Mai R Chúng tôi sẵn ,best Rs. We have 90 R-rated Ho We are ready 
149,22409.0,22564.0,896.36,902.56,hô Mai 90 loại Chúng tôi sẵn sàng Thi thố chơ công bà để xem chúng tôi có khả năng làm phô mai ngon như ở va ,Ho Mai cakes. are ready to compete in the challenge to see if we are able to delicious cheese like that. In va 
150,22564.0,22624.0,902.56,904.96,khả năng làm được như ở va hay không phô mai sẽ được nấu ,"able to make that. In va or not, the cheese will be "
151,22624.0,22694.0,904.96,907.76,phô mai sẽ được nấu chảy theo thời gian khác nhau và được xác định ,the cheese will be melted at different times and determined by the naked 
152,22694.0,22799.0,907.76,911.96,thời gian khác được xác định bằng mắt thường RL ngon phải vào kem bệnh màn hình sắc kết cấu ,"different times the naked eye. Delicious RL must be on the screen, color should be beautiful, "
153,22799.0,22994.0,911.96,919.76,màn hình thức màu sắc kết cấu đẹp không dài không như kẹo xươ gương không dầu chất béo không được chảy ra trên dĩa V rồi về mặt phải thuần túy ,"screen, the color should be beautiful, the texture should not be long, unlike bone candy, the mirror should not be oily, the fat should not be melted. comes out on plate V and in terms it must be "
154,22994.0,23017.0,919.76,920.68,rồi về mặt hương thuần túy không ,"and in terms of must be pure, "
155,23017.0,23064.0,920.68,922.56,mặt hương vị túy không lai không đắng lớn người ,"terms of flavor, be pure, not mixed, not Most of "
156,23064.0,23108.0,922.56,924.32,không đắng phần lớn người dự thi pháp và ,"mixed, not bitter. Most of the contestants France "
157,23108.0,23186.0,924.32,927.44,thi đến từ Thụy Sĩ hoặc pháp và ca Bỉ Canada Italia ,"the contestants come from Switzerland or France and Canada, Belgium, Canada, "
158,23186.0,24150.0,927.44,966.0,Sĩ hoặc Canada Italia và ruman năm nay chủ nhà dành hu hết giả thưởng chỉ chừa một hạng nhì cho người Pháp ph bê thằng gồ nhà thời đức bà phiên bản Trung Quốc vừa rắ mắt khán giả nước này tại nhà hát lêu Ninh tác phẩm kết hợp nét đẹp của ba lê phương đông nhưng vẫn giữ nguyên cốt truyện của phương tây đội ngủ sáng tạo vở ba lê Thằng Gù Nhà Thờ Đức Bà đã tập hợp nghệ sĩ Trung Quốc đức và pháp và nhiều quốc gia khác nhằm tôn vinh sự đa dạng tác phẩm gia đoàn múa ba lê lêu ninh Thực hiện với với sự hỗ trợ của Biên đạo múa nổi tiếng thế giới Patrick de Bana thang quasimodo không phải là một này ,"Switzerland or Canada, Italy and Romania. This year, the host gives away all the prizes, leaving only one runner-up for the winner. The Chinese version of the French version of Notre Dame Cathedral has just caught the eye of this country's audience at the Leu Ninh Theater. The work combines the beauty of Eastern ballet but still retains the Western plot of the play's creative team. The Hunchback of Notre Dame ballet gathered artists from China, Germany, France and many other countries to celebrate the diversity of Le Ninh Ballet's works. Performed with the support of the famous Choreographer World famous Patrick de Bana thang Quasimodo is not "
159,24150.0,24193.0,966.0,967.72,quasimodo phải là một con quái vật nhân này có một trái tim ,Quasimodo not a this character has a 
160,24193.0,24358.0,967.72,974.32,quái vật nhân vật có một trái tim nhân hậu Vì thế việc thể hiện nhân cách tốt bụng của quasimodo là điều mà tôi trọng vợ ,"a monster, character has a kind heart. Therefore, expressing Quasimodo's kind personality is something that I attention "
161,24358.0,24398.0,974.32,975.92,tôi rất trọng vợ bê kết hợp ,"I pay attention to, "
162,24398.0,24980.0,975.92,999.2,rất chú kết hợp giữa chủ nghĩa hiện thực và trừu tượng sân khấu được Lấy cảm hứng từ những bức tranh sân dầu của Pháp V âm nhạc Kết hợp hài hoòa giữa các thể loại của điển và đương đại sau lần cung diễn tại Thành Phố Thẩm Dương tỉnh Liêu Ninh V B Lê thang nha thời đức bà sẽ được trình diễn tại Trung tâm nghệ thuật ở Bắc Kinh vào tháng 12 tới trước khi bắt đầu chuyến lưu diễn Châu Âu sau ngày ,"great to, combining modernism. Realistic and abstract stage inspired by French oil paintings V music Harmonious combination of classical and contemporary genres after a grand performance in Shenyang City, Liaoning Province V B Le thang nha Her time will be performed at the Arts Center in Beijing next December before starting a European tour next October "
163,24980.0,25490.0,999.2,1019.6,Châu Âu vào năm sau ngày 30 tháng 10 liên đoàn bóng đá thế giới FIFA đã cấm Cụ Chủ tịch Liên đoàn bóng đá Tây Ban Nha Luis rubiales tham gia mọi hoạt động bóng đá trong 3 năm liên quan tới hành vi sai trái của ông trong trận chung kết World Cup nữ 2023 theo ủy ban kỷ luật của Fifa ông rubiales đã vi phạm điều 13 trong tắc kỷ luật ,"next year. On October 30, the world football federation FIFA banned the President of the Football Federation. Spanish footballer Luis Rubiales participated in all football activities for 3 years related to his misconduct in the 2023 Women's World Cup final according to Fifa's disciplinary committee Mr. Rubiales violated article 13 of the rules FIFA discipline "
164,25490.0,25560.0,1019.6,1022.4,điều 13 trong quý tắc kỷ luật FIFA liên quan đến vụ việc diễn ra trong ,of the quarter rules FIFA discipline related to the incident that took place in the 
165,25560.0,25597.0,1022.4,1023.88,đến vụ việc ra trong trận chung nữ ngày ,incident that took in the Women's World on August 
166,25597.0,25721.0,1023.88,1028.84,trận chung kết World Cup nữ ngày 20 tháng 8 năm 2023 cùng theo FIFA ông rubiales có quyền rubiales ,"Women's World Cup final on August 20, 2023, and according to FIFA, Mr. Rubiales has the "
167,25721.0,25771.0,1028.84,1030.84,theo có quyền kháng cáo ông rubiales đã hôn tiền ,to has the right to appeal. Mr. Rubiales kissed 
168,25771.0,25881.0,1030.84,1035.24,cáo ông hôn tiền đạo Jenny hermoso tại lễ trao giải sau khi đội tuyển Tây Ban Nha đăng quan World ,to appeal. Mr. kissed striker Jenny Hermoso at the awards ceremony after the Spanish team The Women's World Cup 
169,25881.0,25959.0,1035.24,1038.36,đội tuyển Tây đăng quan World Cup nữ ông khẳng định nụ hôn này có sự đồng hai bên ,"Spanish team The World Cup coroner affirmed that this kiss was both parties, "
170,25959.0,26031.0,1038.36,1041.24,này có sự đồng thuận giữa hai bên nhưng hoso thì nói rằng cô không đồng ý ,"kiss was consensual between both parties, but Hoso said that she not agree. "
171,26031.0,26402.0,1041.24,1056.08,nói rằng cô đã không đồng ý sức ép gia tăng từ nhiều phía đã khiến ông rubiales tự chức chủ tịch liên đoàn bóng đá Tây Ban Nha trong khi hermoso đã trở lại thi đấu cho tuy nữ Tây Ban Nha mới đây cô đã ghi bàn thắng duy nhất giúp tuyển nữ Tây Ban Nha dành chiến thắng 1-0 trước giải Nations ,"that she did not agree. Increased pressure from many sides caused Mr. Rubiales to become president of the Spanish Football Federation. While hermoso has returned to play for the Spanish women's team, she recently scored the only goal to help the Spanish women's team win 1-0 against Italy Nations "
172,26402.0,26460.0,1056.08,1058.4,1-0 trước Italia tại giải Nations League vào 10 hôm ,Italy in the Nations League on October 
173,26460.0,26970.0,1058.4,1078.8,vào ngày 27 tháng 10 hôm 29 tháng 10 cuộc đua thuyền trang sát jacker vaer lần thứ 16 đã khởi hành ngoài khơi l AF của Pháp vùng nước động mạnh đã khiến một nửa số thuyền tham gia phải ở lại cản tră s là cuộc đua du thuyền đi theo tuyến đường giao thương cà phê Pháp và ,"October 27 and 29. 10 The 16th jacker vaer yacht race departed off the coast of l AF of France, rough waters forced half of the participating boats to stay, preventing the yacht race from following the European trade route. France and Brazil "
174,26970.0,27071.0,1078.8,1082.84,cà phê Lịch Sử giữa và Brazil ra đời năm 1993 dữ năm một lần vào ,route. Historical Coffee between and Brazil was born in 1993 and takes place in odd 
175,27071.0,27105.0,1082.84,1084.2,1993 dữ ra ha một lần vào những năm ,takes place every two years odd years. The 
176,27105.0,27828.0,1084.2,1113.12,ra ha vào những năm lẽ sự kiện đa đặt theo tên một thương hiệu cà phê của Pháp đồng thời là nhà tài trợ đây là cuộc đua dành cho hai người đi từ LH đến salvador de Pia Brazil phương tiện gồm Tàu nhiều thân và tàu một thân thuộc các hạng từ tim tàu đa thân dài 70 đến 105 fet imoka tạ một thân 60 fet wi 50 và L 40 tất cả các loại thiết bị hỗ trợ điều hướng đều được phép sử class 40 ,every two years years. The event is named after a French coffee brand and sponsor. This is a race for two people from LH to salvador de Pia Brazil vehicles include multihulls and monohulls of all classes from multihulls 70 to 105 feet long imoka monohulls 60 feet wi 50 and L 40 all types of navigational aids are all allowed Class 
177,27828.0,28553.0,1113.12,1142.12,phép sử dụng ngoa trề class 40 Ngà diễn ra cuộc đùa điều kiện thời tiết sấu đi quá nhanh sóng dồi cao cộng gió vật đã khiến ba tổ chức phải quản việc khởi hành của gần một nửa đội tàu vào phốc gió thông tin cập nhật thưa quý vị các cuộc tấn công bằng tên lửa vẫn tiếp tục diễn ra trong đêm qua ở dải gaza thấp sáng bộ Trời Miền Nam Israel trong bối cảnh lực lượng mặt đất của Israel đã tiến sâu hơn vào khu vực này lực lượng phòng vệ Israel các tên ,"to use Class 40 class 40s. The weather conditions were going too fast, the waves were high and the wind was causing the three organizations to have to manage the departure of nearly half of the fleet to update the information. Ladies and gentlemen, rocket attacks continued last night in the Gaza Strip in the southern part of Israel in the context of Israeli ground forces advancing deeper into this area. Israel's idf missiles "
178,28553.0,28622.0,1142.12,1144.88,vệ Israel idf cho biết các tên lửa phóng từ giải gaza đã thống phòng ,idf said missiles launched from the gaza league hit by the 
179,28622.0,28671.0,1144.88,1146.84,giải gaza đã bị hệ thống phòng không yond của nước chạng tiệc ,the gaza league were hit by the country's yond air defense damage 
180,28671.0,28733.0,1146.84,1149.32,hệ yond của nước này đánh chạng tiệc hại đã xảy ra ở stos nhưng ,"were country's yond air defense system, meaning damage occurred in the city stos "
181,28733.0,28837.0,1149.32,1153.48,xảy ra ở thành phố stos nhưng chưa có thân Dong nào được báo cáo trong khi đó nhà không ,the city of stos but no pro-dong has been reported while the white house said support 
182,28837.0,29093.0,1153.48,1163.72,được khi đó nhà trắng cho biết không ủng hộ những lời kêu gọn gừng bắn vào thời điểm này mà thay vào đó nên xem xét vị Tạm ngừng giao tranh để tạo điều kiện cho Việ trợ vào gaza theo người phát ngôn hội ,"been white house said it did not support We support calls to stop firing at this time and instead consider a temporary pause in fighting to facilitate aid to Gaza, according to US National "
183,29093.0,29247.0,1163.72,1169.88,theo người phát ngôn hội động an ninh quốc gia Mỹ John cby Washington tự tin sẽ tăng số lượng xe tải diện khẩu ,according to US National Security Council spokesman John Cby. Washington is confident it will increase. The number of trucks providing Rafa border 
184,29247.0,29352.0,1169.88,1174.08,diện trợ vào gaz qua cử khẩu rafa ở CP lên khoảng ngày ,trucks providing support to gas through Rafa border gate in CP increased to about 
185,29352.0,29810.0,1174.08,1192.4,cử khoảng 100 xe mỗi ngày ngày 30 tháng 10 người phát ngôn Văn phòng Tổng thống Nga demitri peskov Cho biết vụ việc người biểu tình phản đối Israel xông vào sân bay makala thuộc vùng dagestan có yếu tố tác động từ bên ngoài ông BC nói rằng sự cố xảy ra tại sân bay mahala phần lớn là từ bên ,through to about 100 vehicles per day on October 30. Spokesperson of the Office of the Russian President Demitri Peskov said that the incident of protesters protesting against Israel stormed Makala airport in Dagestan region has external influences. Mr. BC said that the incident at mahala airport was largely external 
186,29810.0,29876.0,1192.4,1195.04,tại lớn là do tác động từ bên ngoài bao gồm tác động về thông tin ,"at largely due to external influences, including informational "
187,29876.0,30125.0,1195.04,1205.0,gồm tác động về mặt thông tin trong khi đó người phát ngôn bộ Ngoại giao Nga Maria cáo buộc Ukraina đóng vai trò trực tiếp và chủ chốt liên quan tới vụ người biểu tình Trang sân bay makala ,"informational impacts, while Russian Foreign Ministry spokeswoman Maria accused Ukraine of playing a direct and key role in the incident where protesters Makala "
188,30125.0,30166.0,1205.0,1206.64,biểu tình Trang vào bay makala phản ứng trước của ,where protesters entered airport responded Ms. Zakharova's 
189,30166.0,30218.0,1206.64,1208.72,vào ứng trước tuyên bố của bà zakharova phía Ukraina kief ,entered responded to Ms. Zakharova's statement. The Ukrainian kief 
190,30218.0,30271.0,1208.72,1210.84,bố zakharova phía Ukraina khẳng định kief không liên quan bay ,The Ukrainian side affirmed that kief was not related airport 
191,30271.0,30310.0,1210.84,1212.4,định liên quan tới vụ việc bay ở vùng ,affirmed that not related to the incident airport in 
192,30310.0,30445.0,1212.4,1217.8,vụ việc tại sân ở vùng dagestan sân bay mahala dự kiến mở cửa trở lại vào ngày 31 tháng 10 thay vì ngày ,the incident at the in the Dagestan region. mahala is scheduled to reopen on october 31 instead of 
193,30445.0,30487.0,1217.8,1219.48,ngày 31 tháng 10 vì ngày 6 tháng 11 trước đó ,october 31 of november previously announced 
194,30487.0,31077.0,1219.48,1243.08,tháng 11 như thông báo trước đó ngày 29 tháng 10 hàng trăm người đã tụ tập tại sân bay makala biểu tình phản đối của xung đột hamas Isarel họ đã xông vào bên trong bay và khu vực đường băng sau khi chuyến bay Theo lịch trình từ Tel aviv hạ cảnh cảnh sát đã được huy động đến hiện trường để giải tán đám đông hơn 20 người trong đó cảnh sát và dân thường đã bị thương Bộ Nội vụ Nga đã xác định danh tính của 150 tham gia ,"november 6 as previously announced on october 29 hundreds of people gathered at mahala airport to protest against hamas israel conflict they broke into Inside the airport and the runway area after the scheduled flight from Tel Aviv, the police were mobilized to the scene to disperse the crowd of more than 20 people in which police and civilians were injured. Ministry of Interior Russia has identified 150 participating in "
195,31077.0,31200.0,1243.08,1248.0,tính của 150 người tham gia biểu tình bắt giữ được 60 người và đang truy tìm những trốn thông ,"150 people participating in the protest, arrested 60 people and is looking for escaped. "
196,31200.0,31571.0,1248.0,1262.84,người những người bỏ trốn thông tin vừa rồi cũng đã khép lại chương trình 60 Giây sáng nay hẹn gặp lại quý vị trong chương trình 60 gi buổi chiều vào lúc 18:30 với những thông tin cập nhật trong ngày Chúc quý vị có một ngày mới nhiều năng lượng Xin kính chào tạm ,people for those who escaped. The news also ended the 60 Seconds program this morning. See you again on the 60 Hours program. afternoon at 18:30 with updated information of the day Wishing you a new day full of energy Goodbye 
197,31571.0,31665.0,1262.84,1266.6,,
